{
  "experiment": "sprint_b_step2_constraint_impulse_scaling",
  "seed": 7,
  "sim_ps": 0.02,
  "burn_fraction": 0.25,
  "conditions": [
    {
      "n_waters": 8,
      "dt_fs": 0.5,
      "project_ou_momentum_rigid": true,
      "steps": 40,
      "burn": 10,
      "t_target_k": 300.0,
      "t_mean_k": 297.13157184625436,
      "t_std_k": 4.694883826536466,
      "drift_k_per_ps": -380.01787204127277,
      "settle_impulse_mean": 0.051684230457795306,
      "settle_impulse_rms": 0.0516878442885599,
      "settle_impulse_p95": 0.05294147576612924,
      "settle_impulse_p99": 0.053066954719939816,
      "settle_impulse_per_water_mean": 0.006460528807224413,
      "settle_impulse_per_dof_mean": 0.0011485384546176735
    },
    {
      "n_waters": 8,
      "dt_fs": 0.25,
      "project_ou_momentum_rigid": true,
      "steps": 80,
      "burn": 20,
      "t_target_k": 300.0,
      "t_mean_k": 297.38312521518714,
      "t_std_k": 4.605079295660531,
      "drift_k_per_ps": 19.405382938315025,
      "settle_impulse_mean": 0.025732788843812804,
      "settle_impulse_rms": 0.025733312742109455,
      "settle_impulse_p95": 0.025975340323680606,
      "settle_impulse_p99": 0.026040505815821215,
      "settle_impulse_per_water_mean": 0.0032165986054766005,
      "settle_impulse_per_dof_mean": 0.000571839752084729
    },
    {
      "n_waters": 16,
      "dt_fs": 0.5,
      "project_ou_momentum_rigid": true,
      "steps": 40,
      "burn": 10,
      "t_target_k": 300.0,
      "t_mean_k": 272.27191097601803,
      "t_std_k": 5.447577087108497,
      "drift_k_per_ps": -1081.9576868889292,
      "settle_impulse_mean": 0.07495628213817701,
      "settle_impulse_rms": 0.07495669191790749,
      "settle_impulse_p95": 0.07524832259248855,
      "settle_impulse_p99": 0.07537035038573713,
      "settle_impulse_per_water_mean": 0.004684767633636063,
      "settle_impulse_per_dof_mean": 0.0008059815283674947
    },
    {
      "n_waters": 16,
      "dt_fs": 0.25,
      "project_ou_momentum_rigid": true,
      "steps": 80,
      "burn": 20,
      "t_target_k": 300.0,
      "t_mean_k": 266.2749716122881,
      "t_std_k": 7.183710029375525,
      "drift_k_per_ps": -1420.9761364181898,
      "settle_impulse_mean": 0.03738801664653346,
      "settle_impulse_rms": 0.037388280639908684,
      "settle_impulse_p95": 0.03753937258793295,
      "settle_impulse_p99": 0.037571664704672554,
      "settle_impulse_per_water_mean": 0.0023367510404083414,
      "settle_impulse_per_dof_mean": 0.00040202168437132753
    },
    {
      "n_waters": 32,
      "dt_fs": 0.5,
      "project_ou_momentum_rigid": true,
      "steps": 40,
      "burn": 10,
      "t_target_k": 300.0,
      "t_mean_k": 299.9359864994156,
      "t_std_k": 4.498448356690834,
      "drift_k_per_ps": 954.7984103104427,
      "settle_impulse_mean": 0.10517804557986178,
      "settle_impulse_rms": 0.10517932983786689,
      "settle_impulse_p95": 0.10617913159488128,
      "settle_impulse_p99": 0.10638686576225231,
      "settle_impulse_per_water_mean": 0.0032868139243706807,
      "settle_impulse_per_dof_mean": 0.0005564975956606444
    },
    {
      "n_waters": 32,
      "dt_fs": 0.25,
      "project_ou_momentum_rigid": true,
      "steps": 80,
      "burn": 20,
      "t_target_k": 300.0,
      "t_mean_k": 300.8554460855836,
      "t_std_k": 2.0555450241318143,
      "drift_k_per_ps": 268.66593220637867,
      "settle_impulse_mean": 0.052709232576152884,
      "settle_impulse_rms": 0.0527105940271612,
      "settle_impulse_p95": 0.053234167660922094,
      "settle_impulse_p99": 0.05333005591693618,
      "settle_impulse_per_water_mean": 0.0016471635180047776,
      "settle_impulse_per_dof_mean": 0.00027888482844525334
    },
    {
      "n_waters": 64,
      "dt_fs": 0.5,
      "project_ou_momentum_rigid": true,
      "steps": 40,
      "burn": 10,
      "t_target_k": 300.0,
      "t_mean_k": 314.81949372131027,
      "t_std_k": 1.5065705454156317,
      "drift_k_per_ps": -112.56334597120292,
      "settle_impulse_mean": 0.15101201470619008,
      "settle_impulse_rms": 0.15101695422545786,
      "settle_impulse_p95": 0.15305609665307493,
      "settle_impulse_p99": 0.153335603459514,
      "settle_impulse_per_water_mean": 0.00235956272978422,
      "settle_impulse_per_dof_mean": 0.0003963569939795015
    },
    {
      "n_waters": 64,
      "dt_fs": 0.25,
      "project_ou_momentum_rigid": true,
      "steps": 80,
      "burn": 20,
      "t_target_k": 300.0,
      "t_mean_k": 318.08694916895917,
      "t_std_k": 2.1606109772130386,
      "drift_k_per_ps": 373.5539181693406,
      "settle_impulse_mean": 0.0768991003775443,
      "settle_impulse_rms": 0.07690313990856087,
      "settle_impulse_p95": 0.07824978281636642,
      "settle_impulse_p99": 0.07839533974423325,
      "settle_impulse_per_water_mean": 0.0012015484433991297,
      "settle_impulse_per_dof_mean": 0.00020183490912741286
    },
    {
      "n_waters": 64,
      "dt_fs": 0.5,
      "project_ou_momentum_rigid": false,
      "steps": 40,
      "burn": 10,
      "t_target_k": 300.0,
      "t_mean_k": 318.5548986449837,
      "t_std_k": 2.5263803210697016,
      "drift_k_per_ps": -157.77730250964737,
      "settle_impulse_mean": 0.5636535654557904,
      "settle_impulse_rms": 0.5643886532439288,
      "settle_impulse_p95": 0.6083501566937424,
      "settle_impulse_p99": 0.6207587880255796,
      "settle_impulse_per_water_mean": 0.008807086960246725,
      "settle_impulse_per_dof_mean": 0.0014794056836109984
    },
    {
      "n_waters": 64,
      "dt_fs": 0.25,
      "project_ou_momentum_rigid": false,
      "steps": 80,
      "burn": 20,
      "t_target_k": 300.0,
      "t_mean_k": 315.42985413679975,
      "t_std_k": 2.451721425921216,
      "drift_k_per_ps": -469.9599485798764,
      "settle_impulse_mean": 0.35979960562588953,
      "settle_impulse_rms": 0.3602596135233705,
      "settle_impulse_p95": 0.3876957299701243,
      "settle_impulse_p99": 0.3960005079383802,
      "settle_impulse_per_water_mean": 0.005621868837904524,
      "settle_impulse_per_dof_mean": 0.0009443559202779253
    }
  ]
}
