{
  "gamma": 0.0,
  "n_waters": 895,
  "steps": 2000,
  "t_trans_k": 445.66510275062143,
  "t_rot_k": 342.2605142718606,
  "split_k": -103.40458847876084
}