{
  "gamma": 10.0,
  "n_waters": 895,
  "steps": 2000,
  "t_trans_k": 308.7436146856939,
  "t_rot_k": 292.39660486124643,
  "split_k": -16.34700982444747
}