replica,T_mean,T_std,T_min,T_max
0,263.20570912894664,24.84282437460931,236.06308260353876,484.80364723953073
