replica,T_mean,T_std,T_min,T_max
0,262.33927765399056,24.94322904179695,233.31536907417052,484.80364723953073
