replica,T_mean,T_std,T_min,T_max
0,262.52839993082546,24.910055299393637,233.79386733192447,484.80364723953073
