replica,T_mean,T_std,T_min,T_max
0,262.3390435341262,24.948201956764656,233.19191805519773,484.80364723953073
