replica,T_mean,T_std,T_min,T_max
0,271.5252828395805,24.24506655376102,242.5427578376728,484.80364723953073
