replica,T_mean,T_std,T_min,T_max
0,265.34506849446905,24.729158233421877,235.7004979970735,484.80364723953073
