replica,T_mean,T_std,T_min,T_max
0,261.14878758004323,25.2915236458197,222.50575356222063,484.80364723953073
