replica,T_mean,T_std,T_min,T_max
0,272.5005880507205,24.668850751124562,233.10704797129677,484.80364723953073
